-- Large seeder for database `kampus`
-- Includes: 10 dosen, 20 matkul, 100 mahasiswa, and KRS entries (4 per mahasiswa)
-- Import dengan phpMyAdmin atau mysql client

USE kampus;

-- matikan pengecekan FK sementara agar truncate/insert mudah
-- SET FOREIGN_KEY_CHECKS = 0;

-- TRUNCATE TABLE krs;

-- TRUNCATE TABLE mahasiswa;
-- TRUNCATE TABLE matkul;
-- TRUNCATE TABLE dosen;

-- DOSEN (10)
INSERT INTO dosen (nidn, nama, gender, no_hp) VALUES
('D001','Dr. Budi Santoso','L','081100000001'),
('D002','Dr. Sari Wijaya','P','081100000002'),
('D003','Dr. Agus Pratama','L','081100000003'),
('D004','Dr. Lina Marlina','P','081100000004'),
('D005','Dr. Dedi Kurniawan','L','081100000005'),
('D006','Dr. Maya Hartati','P','081100000006'),
('D007','Dr. Irfan Hidayat','L','081100000007'),
('D008','Dr. Rika Permata','P','081100000008'),
('D009','Dr. Rama Wijaya','L','081100000009'),
('D010','Dr. Nia Andriani','P','081100000010');

-- MATKUL (20)
INSERT INTO matkul (kode_matkul, nama, sks) VALUES
('MK001','Pemrograman Dasar',3),
('MK002','Basis Data',3),
('MK003','Algoritma dan Struktur Data',3),
('MK004','Sistem Operasi',3),
('MK005','Jaringan Komputer',3),
('MK006','Rekayasa Perangkat Lunak',3),
('MK007','Kecerdasan Buatan',3),
('MK008','Interaksi Manusia Komputer',2),
('MK009','Matematika Diskrit',3),
('MK010','Statistika',2),
('MK011','Pemrograman Web',3),
('MK012','Basis Data Lanjut',3),
('MK013','Pemrograman Mobile',3),
('MK014','Keamanan Komputer',3),
('MK015','Grafika Komputer',2),
('MK016','Komputasi Awan',2),
('MK017','Metode Numerik',2),
('MK018','Sistem Basis Pengetahuan',3),
('MK019','Pengolahan Citra',2),
('MK020','Praktikum Pemrograman',1);

-- MAHASISWA (100) assigned cyclically to dosen D001..D010; every 10th mahasiswa has NULL nidn
INSERT INTO mahasiswa (nim, nama, gender, no_hp, nidn) VALUES
('M001','Siti','P','0851000001','D001'),
('M002','Andi','L','0851000002','D002'),
('M003','Rina','P','0851000003','D003'),
('M004','Budi','L','0851000004','D004'),
('M005','Fitri','P','0851000005','D005'),
('M006','Agus','L','0851000006','D006'),
('M007','Maya','P','0851000007','D007'),
('M008','Dedi','L','0851000008','D008'),
('M009','Rini','P','0851000009','D009'),
('M010','Eko','L','0851000010',NULL),
('M011','Nina','P','0851000011','D001'),
('M012','Irfan','L','0851000012','D002'),
('M013','Lia','P','0851000013','D003'),
('M014','Ahmad','L','0851000014','D004'),
('M015','Dewi','P','0851000015','D005'),
('M016','Hendra','L','0851000016','D006'),
('M017','Yulia','P','0851000017','D007'),
('M018','Rizky','L','0851000018','D008'),
('M019','Indah','P','0851000019','D009'),
('M020','Fajar','L','0851000020',NULL),
('M021','Putri','P','0851000021','D001'),
('M022','Rama','L','0851000022','D002'),
('M023','Sari','P','0851000023','D003'),
('M024','Bayu','L','0851000024','D004'),
('M025','Rara','P','0851000025','D005'),
('M026','Yoga','L','0851000026','D006'),
('M027','Lestari','P','0851000027','D007'),
('M028','Arif','L','0851000028','D008'),
('M029','Wulan','P','0851000029','D009'),
('M030','Tio','L','0851000030',NULL),
('M031','Anggi','P','0851000031','D001'),
('M032','Rian','L','0851000032','D002'),
('M033','Ira','P','0851000033','D003'),
('M034','Wahyu','L','0851000034','D004'),
('M035','Nurul','P','0851000035','D005'),
('M036','Andra','L','0851000036','D006'),
('M037','Fitriana','P','0851000037','D007'),
('M038','Galih','L','0851000038','D008'),
('M039','Siska','P','0851000039','D009'),
('M040','Dimas','L','0851000040',NULL),
('M041','Elly','P','0851000041','D001'),
('M042','Aldi','L','0851000042','D002'),
('M043','Feby','P','0851000043','D003'),
('M044','Tommy','L','0851000044','D004'),
('M045','Sinta','P','0851000045','D005'),
('M046','Reza','L','0851000046','D006'),
('M047','Mira','P','0851000047','D007'),
('M048','Gilang','L','0851000048','D008'),
('M049','Vina','P','0851000049','D009'),
('M050','Anton','L','0851000050',NULL),
('M051','Tika','P','0851000051','D001'),
('M052','Ilham','L','0851000052','D002'),
('M053','Rika','P','0851000053','D003'),
('M054','Zaki','L','0851000054','D004'),
('M055','Melly','P','0851000055','D005'),
('M056','Farhan','L','0851000056','D006'),
('M057','Suci','P','0851000057','D007'),
('M058','Nando','L','0851000058','D008'),
('M059','Eka','P','0851000059','D009'),
('M060','Bimo','L','0851000060',NULL),
('M061','Ayu','P','0851000061','D001'),
('M062','Agung','L','0851000062','D002'),
('M063','Nia','P','0851000063','D003'),
('M064','Surya','L','0851000064','D004'),
('M065','Reni','P','0851000065','D005'),
('M066','Fikri','L','0851000066','D006'),
('M067','Amelia','P','0851000067','D007'),
('M068','Aditya','L','0851000068','D008'),
('M069','Dita','P','0851000069','D009'),
('M070','Irvan','L','0851000070',NULL),
('M071','Nadia','P','0851000071','D001'),
('M072','Wahid','L','0851000072','D002'),
('M073','Putu','P','0851000073','D003'),
('M074','Tegar','L','0851000074','D004'),
('M075','Indri','P','0851000075','D005'),
('M076','Miftah','L','0851000076','D006'),
('M077','Riana','P','0851000077','D007'),
('M078','Hadi','L','0851000078','D008'),
('M079','Lila','P','0851000079','D009'),
('M080','Nasir','L','0851000080',NULL),
('M081','Ayuni','P','0851000081','D001'),
('M082','Erwin','L','0851000082','D002'),
('M083','Citra','P','0851000083','D003'),
('M084','Yusuf','L','0851000084','D004'),
('M085','Mona','P','0851000085','D005'),
('M086','Ricky','L','0851000086','D006'),
('M087','Yuni','P','0851000087','D007'),
('M088','Kris','L','0851000088','D008'),
('M089','Ina','P','0851000089','D009'),
('M090','Lucky','L','0851000090',NULL),
('M091','Sasa','P','0851000091','D001'),
('M092','Vian','L','0851000092','D002'),
('M093','Sella','P','0851000093','D003'),
('M094','Bastian','L','0851000094','D004'),
('M095','Nada','P','0851000095','D005'),
('M096','Adil','L','0851000096','D006'),
('M097','Fiona','P','0851000097','D007'),
('M098','Radit','L','0851000098','D008'),
('M099','Nabila','P','0851000099','D009'),
('M100','Iwan','L','0851000100',NULL);

-- KRS entries: 4 matkul per mahasiswa (patterned to avoid duplicates)
INSERT INTO krs (nim, kode_matkul) VALUES
('M001','MK001'),('M001','MK002'),('M001','MK003'),('M001','MK004'),
('M002','MK002'),('M002','MK003'),('M002','MK004'),('M002','MK005'),
('M003','MK003'),('M003','MK004'),('M003','MK005'),('M003','MK006'),
('M004','MK004'),('M004','MK005'),('M004','MK006'),('M004','MK007'),
('M005','MK005'),('M005','MK006'),('M005','MK007'),('M005','MK008'),
('M006','MK006'),('M006','MK007'),('M006','MK008'),('M006','MK009'),
('M007','MK007'),('M007','MK008'),('M007','MK009'),('M007','MK010'),
('M008','MK008'),('M008','MK009'),('M008','MK010'),('M008','MK011'),
('M009','MK009'),('M009','MK010'),('M009','MK011'),('M009','MK012'),
('M010','MK010'),('M010','MK011'),('M010','MK012'),('M010','MK013'),
('M011','MK011'),('M011','MK012'),('M011','MK013'),('M011','MK014'),
('M012','MK012'),('M012','MK013'),('M012','MK014'),('M012','MK015'),
('M013','MK013'),('M013','MK014'),('M013','MK015'),('M013','MK016'),
('M014','MK014'),('M014','MK015'),('M014','MK016'),('M014','MK017'),
('M015','MK015'),('M015','MK016'),('M015','MK017'),('M015','MK018'),
('M016','MK016'),('M016','MK017'),('M016','MK018'),('M016','MK019'),
('M017','MK017'),('M017','MK018'),('M017','MK019'),('M017','MK020'),
('M018','MK018'),('M018','MK019'),('M018','MK020'),('M018','MK001'),
('M019','MK019'),('M019','MK020'),('M019','MK001'),('M019','MK002'),
('M020','MK020'),('M020','MK001'),('M020','MK002'),('M020','MK003'),
('M021','MK001'),('M021','MK002'),('M021','MK003'),('M021','MK004'),
('M022','MK002'),('M022','MK003'),('M022','MK004'),('M022','MK005'),
('M023','MK003'),('M023','MK004'),('M023','MK005'),('M023','MK006'),
('M024','MK004'),('M024','MK005'),('M024','MK006'),('M024','MK007'),
('M025','MK005'),('M025','MK006'),('M025','MK007'),('M025','MK008'),
('M026','MK006'),('M026','MK007'),('M026','MK008'),('M026','MK009'),
('M027','MK007'),('M027','MK008'),('M027','MK009'),('M027','MK010'),
('M028','MK008'),('M028','MK009'),('M028','MK010'),('M028','MK011'),
('M029','MK009'),('M029','MK010'),('M029','MK011'),('M029','MK012'),
('M030','MK010'),('M030','MK011'),('M030','MK012'),('M030','MK013'),
('M031','MK011'),('M031','MK012'),('M031','MK013'),('M031','MK014'),
('M032','MK012'),('M032','MK013'),('M032','MK014'),('M032','MK015'),
('M033','MK013'),('M033','MK014'),('M033','MK015'),('M033','MK016'),
('M034','MK014'),('M034','MK015'),('M034','MK016'),('M034','MK017'),
('M035','MK015'),('M035','MK016'),('M035','MK017'),('M035','MK018'),
('M036','MK016'),('M036','MK017'),('M036','MK018'),('M036','MK019'),
('M037','MK017'),('M037','MK018'),('M037','MK019'),('M037','MK020'),
('M038','MK018'),('M038','MK019'),('M038','MK020'),('M038','MK001'),
('M039','MK019'),('M039','MK020'),('M039','MK001'),('M039','MK002'),
('M040','MK020'),('M040','MK001'),('M040','MK002'),('M040','MK003'),
('M041','MK001'),('M041','MK002'),('M041','MK003'),('M041','MK004'),
('M042','MK002'),('M042','MK003'),('M042','MK004'),('M042','MK005'),
('M043','MK003'),('M043','MK004'),('M043','MK005'),('M043','MK006'),
('M044','MK004'),('M044','MK005'),('M044','MK006'),('M044','MK007'),
('M045','MK005'),('M045','MK006'),('M045','MK007'),('M045','MK008'),
('M046','MK006'),('M046','MK007'),('M046','MK008'),('M046','MK009'),
('M047','MK007'),('M047','MK008'),('M047','MK009'),('M047','MK010'),
('M048','MK008'),('M048','MK009'),('M048','MK010'),('M048','MK011'),
('M049','MK009'),('M049','MK010'),('M049','MK011'),('M049','MK012'),
('M050','MK010'),('M050','MK011'),('M050','MK012'),('M050','MK013'),
('M051','MK011'),('M051','MK012'),('M051','MK013'),('M051','MK014'),
('M052','MK012'),('M052','MK013'),('M052','MK014'),('M052','MK015'),
('M053','MK013'),('M053','MK014'),('M053','MK015'),('M053','MK016'),
('M054','MK014'),('M054','MK015'),('M054','MK016'),('M054','MK017'),
('M055','MK015'),('M055','MK016'),('M055','MK017'),('M055','MK018'),
('M056','MK016'),('M056','MK017'),('M056','MK018'),('M056','MK019'),
('M057','MK017'),('M057','MK018'),('M057','MK019'),('M057','MK020'),
('M058','MK018'),('M058','MK019'),('M058','MK020'),('M058','MK001'),
('M059','MK019'),('M059','MK020'),('M059','MK001'),('M059','MK002'),
('M060','MK020'),('M060','MK001'),('M060','MK002'),('M060','MK003'),
('M061','MK001'),('M061','MK002'),('M061','MK003'),('M061','MK004'),
('M062','MK002'),('M062','MK003'),('M062','MK004'),('M062','MK005'),
('M063','MK003'),('M063','MK004'),('M063','MK005'),('M063','MK006'),
('M064','MK004'),('M064','MK005'),('M064','MK006'),('M064','MK007'),
('M065','MK005'),('M065','MK006'),('M065','MK007'),('M065','MK008'),
('M066','MK006'),('M066','MK007'),('M066','MK008'),('M066','MK009'),
('M067','MK007'),('M067','MK008'),('M067','MK009'),('M067','MK010'),
('M068','MK008'),('M068','MK009'),('M068','MK010'),('M068','MK011'),
('M069','MK009'),('M069','MK010'),('M069','MK011'),('M069','MK012'),
('M070','MK010'),('M070','MK011'),('M070','MK012'),('M070','MK013'),
('M071','MK011'),('M071','MK012'),('M071','MK013'),('M071','MK014'),
('M072','MK012'),('M072','MK013'),('M072','MK014'),('M072','MK015'),
('M073','MK013'),('M073','MK014'),('M073','MK015'),('M073','MK016'),
('M074','MK014'),('M074','MK015'),('M074','MK016'),('M074','MK017'),
('M075','MK015'),('M075','MK016'),('M075','MK017'),('M075','MK018'),
('M076','MK016'),('M076','MK017'),('M076','MK018'),('M076','MK019'),
('M077','MK017'),('M077','MK018'),('M077','MK019'),('M077','MK020'),
('M078','MK018'),('M078','MK019'),('M078','MK020'),('M078','MK001'),
('M079','MK019'),('M079','MK020'),('M079','MK001'),('M079','MK002'),
('M080','MK020'),('M080','MK001'),('M080','MK002'),('M080','MK003'),
('M081','MK001'),('M081','MK002'),('M081','MK003'),('M081','MK004'),
('M082','MK002'),('M082','MK003'),('M082','MK004'),('M082','MK005'),
('M083','MK003'),('M083','MK004'),('M083','MK005'),('M083','MK006'),
('M084','MK004'),('M084','MK005'),('M084','MK006'),('M084','MK007'),
('M085','MK005'),('M085','MK006'),('M085','MK007'),('M085','MK008'),
('M086','MK006'),('M086','MK007'),('M086','MK008'),('M086','MK009'),
('M087','MK007'),('M087','MK008'),('M087','MK009'),('M087','MK010'),
('M088','MK008'),('M088','MK009'),('M088','MK010'),('M088','MK011'),
('M089','MK009'),('M089','MK010'),('M089','MK011'),('M089','MK012'),
('M090','MK010'),('M090','MK011'),('M090','MK012'),('M090','MK013'),
('M091','MK011'),('M091','MK012'),('M091','MK013'),('M091','MK014'),
('M092','MK012'),('M092','MK013'),('M092','MK014'),('M092','MK015'),
('M093','MK013'),('M093','MK014'),('M093','MK015'),('M093','MK016'),
('M094','MK014'),('M094','MK015'),('M094','MK016'),('M094','MK017'),
('M095','MK015'),('M095','MK016'),('M095','MK017'),('M095','MK018'),
('M096','MK016'),('M096','MK017'),('M096','MK018'),('M096','MK019'),
('M097','MK017'),('M097','MK018'),('M097','MK019'),('M097','MK020'),
('M098','MK018'),('M098','MK019'),('M098','MK020'),('M098','MK001'),
('M099','MK019'),('M099','MK020'),('M099','MK001'),('M099','MK002'),
('M100','MK020'),('M100','MK001'),('M100','MK002'),('M100','MK003');
-- aktifkan kembali pengecekan FK
SET FOREIGN_KEY_CHECKS = 1;

-- Selesai. Edit file jika ingin menambah/mengurangi data contoh.
-- aktifkan kembali pengecekan FK
SET FOREIGN_KEY_CHECKS = 1;

-- Selesai. Edit file jika ingin menambah/mengurangi data contoh.

